{
    "host": "",
    "gui": true,
    "debug": false,
    "enable": 0,
    "eula": false,
    "list": [
        {
            "enable": 1,
            "mode": 3,
            "debug": false,
            "self-touch": true,
            "account": 10001,
            "password": "你的密码",
            "lex-search-dir": ""
        },
        {
            "enable": 0,
            "mode": 0,
            "debug": false,
            "sandbox": true,
            "self-touch": true,
            "app-id": 0,
            "app-secret": "你的AppSecret",
            "lex-search-dir": ""
        },
        {
            "enable": 0,
            "mode": 3,
            "debug": false,
            "self-touch": true,
            "account": 10003,
            "password": "你的密码",
            "lex-search-dir": ""
        }
    ]
}